claim,topic_id,ndcg@5,map@5,ndcg@10,map@10,ndcg@20,map@20,ndcg@50,map@50,ndcg@100,map@100,stance_support@5,stance_contradict@5,stance_neutral@5,inverse_simpson@5,diversity_level@5,Self_BLEU@5,stance_support@10,stance_contradict@10,stance_neutral@10,inverse_simpson@10,diversity_level@10,Self_BLEU@10,stance_support@20,stance_contradict@20,stance_neutral@20,inverse_simpson@20,diversity_level@20,Self_BLEU@20,stance_support@50,stance_contradict@50,stance_neutral@50,inverse_simpson@50,diversity_level@50,Self_BLEU@50,stance_support@100,stance_contradict@100,stance_neutral@100,inverse_simpson@100,diversity_level@100,Self_BLEU@100
The antiviral drug remdesivir has been one of the few treatments that's seemed to help curb death rates in COVID-19,30,0.8930068676327362,0.0146198830409356,0.7509288930482942,0.0217395340202357,0.6325631023036786,0.0336178231431069,0.5694682406633943,0.0627706557968772,0.4516674033292859,0.0877360663977365,0.3566572964191437,0.38869649171829224,0.2546462416648865,2.9143127182134556,high,0.03311958891498111,0.3559940457344055,0.3903874456882477,0.2536185383796692,2.911577314597805,high,0.268670353384977,0.35756656527519226,0.3875235617160797,0.254909873008728,2.9153888654153612,high,0.4637705539274791,0.35400325059890747,0.3858236074447632,0.26017314195632935,2.9251036988826096,high,0.6608999494134338,0.3548591136932373,0.3853742182254791,0.25976669788360596,2.924686330688563,high,0.5684421178201178
the lack of Vitamin D make you more susceptible to the Covid-19 coronavirus,42,0.830419897363192,0.0191891891891891,0.8263333286520083,0.0378614328614328,0.6890779577213988,0.0561701717197073,0.5868219702284182,0.0994307261450528,0.5407797082925555,0.169364648593786,0.34687933325767517,0.3935644030570984,0.25955629348754883,2.918960778437514,high,0.9889250661223571,0.3459326922893524,0.3927406370639801,0.2613266706466675,2.9222141413522116,high,0.5445932353407495,0.34642863273620605,0.3895625174045563,0.26400884985923767,2.928493964957321,high,0.44862042383459083,0.3512604832649231,0.38591301441192627,0.26282647252082825,2.929196742255568,high,0.5757957899264512,0.3531924784183502,0.3838862180709839,0.26292121410369873,2.930479176171635,high,0.4632699702650464
Vitamin D may improve odds of survival from COVID-19.,42,0.7227265726449519,0.0162162162162162,0.8200685179888283,0.0362634062634062,0.7075979543758567,0.0604518667676562,0.5952619633182287,0.1049149919331706,0.6173492807321925,0.2174201044296963,0.3585732579231262,0.3734663128852844,0.26796045899391174,2.9424342950446483,high,0.30682579748031386,0.34636974334716797,0.3848181366920471,0.2688121199607849,2.9384372310984483,high,0.3406214239015249,0.34658148884773254,0.38533321022987366,0.2680853605270386,2.937114915658164,high,0.4641107875371288,0.3480459153652191,0.38712596893310547,0.26482802629470825,2.9313790591944167,high,0.5427117141747241,0.3529345393180847,0.3824945390224457,0.26457080245018005,2.9337336556662543,high,0.508791603032574
VITAMIN D LEVELS MAY IMPACT COVID-19 MORTALITY RATES,42,0.6608397947263839,0.0146846846846846,0.7136540102475308,0.0328764478764478,0.6546041434395862,0.0563502693998049,0.5613089654724035,0.102257273228082,0.5559400278154477,0.1861134237971797,0.3394693434238434,0.3941073417663574,0.2664232850074768,2.927902656037908,high,0.027826683659929075,0.3476535677909851,0.38825321197509766,0.26409319043159485,2.9295547795855774,high,0.3844013786502677,0.3499264717102051,0.3850380778312683,0.265035480260849,2.9330102407539123,high,0.39130595991861766,0.35227298736572266,0.38463664054870605,0.26309043169021606,2.9303325335295365,high,0.5402209720900454,0.3474074900150299,0.38865602016448975,0.2639365792274475,2.9290469040397262,high,0.5043494914130061
Ideal weather conditions may have helped coronavirus thrive,2,0.8687949224876582,0.0123456790123456,0.77523873680463,0.0193930041152263,0.6485796558235206,0.0281320145903479,0.529040539182329,0.0489722482299276,0.5009054196261656,0.0852865082269159,0.35920727252960205,0.39034709334373474,0.2504456043243408,2.9059313613542432,high,0.7967969498766784,0.3539595305919647,0.38797828555107117,0.2580621540546417,2.920470639351499,high,0.5205245226474102,0.35464587807655334,0.38663750886917114,0.2587166726589203,2.9222968536027727,high,0.5920524659645761,0.35390663146972656,0.38811981678009033,0.2579735219478607,2.920243158417192,high,0.6026201372284453,0.3485816717147827,0.3919796645641327,0.2594386041164398,2.9200009746554767,high,0.5260999048659587
There is no evidence taking vitamin D supplements will protect people from Covid-19.,42,0.3451913422468693,0.0048648648648648,0.5750739861833288,0.0214221364221364,0.590769584082333,0.0457169618934324,0.595220868766906,0.1077408324097284,0.5883947774157602,0.2101289381965949,0.3680150508880615,0.37152528762817383,0.26045963168144226,2.929927998780333,high,0.459498261217275,0.3677406311035156,0.3726603388786316,0.2595990300178528,2.9282529662426193,high,0.3799421406804113,0.36087319254875183,0.37759676575660706,0.26152992248535156,2.9307748093566626,high,0.42853269971580604,0.35737475752830505,0.3792233169078827,0.2634018659591675,2.9333461316984994,high,0.45967035965670683,0.35184016823768616,0.3824446499347687,0.2657153010368347,2.9354778825428536,high,0.4892095565231914
VITAMIN D LEVELS increase COVID-19 MORTALITY RATES,42,0.3835663673713356,0.0063063063063063,0.4884513709848781,0.0175718575718575,0.5947321407199623,0.045488133831787,0.509660062281901,0.0841208820347048,0.5248963056316052,0.1670199178097723,0.3562871813774109,0.39129406213760376,0.2524188160896301,2.908948416635739,high,0.48424262759341014,0.3561987280845642,0.38863545656204224,0.25516581535339355,2.915242209425232,high,0.5142211285690428,0.35426050424575806,0.3854316174983978,0.2603079080581665,2.9255313889852554,high,0.5759482792362045,0.35472428798675537,0.382577121257782,0.26269856095314026,2.9307886326274835,high,0.5287477319768393,0.3497239649295807,0.38658785820007324,0.26368802785873413,2.930073321621574,high,0.4575839759395925
all hand sanitizers works against covid-19 ,19,0.3156484524795145,0.0080128205128205,0.4517660318707361,0.0374656593406593,0.3659521037722935,0.065034884986808,0.2847673034046004,0.0944680289903156,0.311521514715786,0.1298284060225078,0.3425610065460205,0.3976394534111023,0.2597994804382324,2.9157838207972637,high,0.8052685133176479,0.3458036482334137,0.39523157477378845,0.25896480679512024,2.9167195750270682,high,0.838617982554125,0.3478352427482605,0.3915247619152069,0.260640025138855,2.9221461935603883,high,0.7872781438807468,0.3524618148803711,0.3885186016559601,0.2590196430683136,2.9216937978238997,high,0.6180262602038454,0.351497083902359,0.38853657245635986,0.25996628403663635,2.9231789846052014,high,0.5914696256431498
A central player in the fight against the novel coronavirus is our immune system.,3,0.0,0.0,0.0678427226955831,0.0005767811000369,0.0629757971410431,0.0009920634920634,0.0414763704025186,0.0011465871728175,0.0443298681235893,0.0016799894006629,0.34219464659690857,0.40226465463638306,0.2555406987667084,2.9051602163889654,high,0.42227971165315886,0.340478777885437,0.4019174575805664,0.2576037347316742,2.9084721139935805,high,0.48448015580452297,0.3406071066856384,0.401228129863739,0.25816479325294495,2.9099691219775115,high,0.4657820750667665,0.3419376611709595,0.3965790569782257,0.26148322224617004,2.9191131417992673,high,0.670848356506321,0.3427842855453491,0.3952643871307373,0.2619515359401703,2.9209567285427265,high,0.6529118717192455
"Heart damage lingers in COVID-19 patients, even after recovery",22,0.180027307288617,0.0020661157024793,0.1168254041215526,0.0020661157024793,0.1101454739895562,0.0024535123966942,0.1147432831246043,0.004255723092332,0.0860143440288427,0.0047859317794522,0.34812718629837036,0.39275068044662476,0.25912219285964966,2.9189414802132783,high,0.9744390649843755,0.3423594534397125,0.3962351977825165,0.261405348777771,2.919323683350116,high,0.7155719510472466,0.3443072438240051,0.397083580493927,0.25860920548439026,2.914588895727786,high,0.5409698700972894,0.35095661878585815,0.3902031183242798,0.2588401734828949,2.9203283007622662,high,0.42002006771683126,0.3481927216053009,0.39122241735458374,0.26058486104011536,2.9222879459046647,high,0.47921950857654694
social distancing is the most effective measure of containing the spread of the new coronavirus.,10,0.3391602052736161,0.0034435261707988,0.4701903565434559,0.0081882133018496,0.4275094086776547,0.0141487300578209,0.4786972183271654,0.0363229691180531,0.4641113919303667,0.0682644900672502,0.3449755012989044,0.3922126293182373,0.2628118395805359,2.9247556713371448,high,0.04334852589751799,0.3441977798938751,0.3967602849006653,0.2590419352054596,2.9155066568169445,high,0.2899931163590006,0.34696561098098755,0.3960304856300354,0.2570039629936218,2.9131050883444134,high,0.46191083250833215,0.3478982150554657,0.39569273591041565,0.2564091384410858,2.9124666358301345,high,0.46466023083988345,0.3481805920600891,0.3952499330043793,0.25656944513320923,2.913072969394028,high,0.5139925134430103
Drugs for high blood pressure appear to make COVID-19 worse,20,0.0,0.0,0.0,0.0,0.0,0.0,0.0076850663505321,5.2787162162162165e-05,0.0279826566650473,0.0003762587508776,0.35238999128341675,0.39401501417160034,0.2535950243473053,2.9092011296440172,high,0.4579024181343174,0.34968772530555725,0.39380884170532227,0.2565034329891205,2.9140846770656657,high,0.5382149297817462,0.35385242104530334,0.3852512836456299,0.2608962655067444,2.926569893001119,high,0.5446437917867104,0.351826548576355,0.386656254529953,0.26151713728904724,2.9267478139514598,high,0.47075311933985936,0.3525037467479706,0.38702377676963806,0.26047250628471375,2.9248981868898185,high,0.41297190244821147
diabetes more than doubles your risk of dying from coronavirus.,24,0.1460683498427064,0.0007002801120448,0.164219586306328,0.0014005602240896,0.1764012192242249,0.0026598874844055,0.235522664824664,0.0093812949579433,0.2248326203562305,0.0171324742643968,0.3568490147590637,0.3818134665489197,0.261337548494339,2.9289433558691065,high,0.40504927918066624,0.36108922958374023,0.38362687826156616,0.255283921957016,2.9177924263591684,high,0.37039138349733247,0.3574254512786865,0.38888806104660034,0.25368639826774597,2.9125336285931187,high,0.4976639859673781,0.3529772162437439,0.38855618238449097,0.25846660137176514,2.9207840873372315,high,0.5840613607426104,0.3514513373374939,0.38857805728912354,0.2599705159664154,2.923159375908194,high,0.5575680370939761
number of deaths by covid-19 can be reduced if the population wear face masks in public,18,0.3391602052736161,0.0033003300330033,0.3573555183412827,0.0061606160616061,0.3062751119179142,0.0092970835545092,0.3376340822141083,0.0228655769193665,0.3475066886668869,0.0505510407343073,0.346329927444458,0.4037178158760071,0.2499522715806961,2.8951217386727683,high,0.6352115817096944,0.35023993253707886,0.4023086428642273,0.24745145440101624,2.892242470129797,high,0.5855509016362916,0.3488229215145111,0.39876753091812134,0.25240954756736755,2.903570660589732,high,0.5592821058697378,0.34796130657196045,0.3985190987586975,0.25351962447166443,2.905568507416534,high,0.5768550218407152,0.34987789392471313,0.3956683278083801,0.2544538676738739,2.909389305769203,high,0.5800547696360859
remdesivir is highly effective at fighting the novel coronavirus in isolated cells,30,0.6608397947263839,0.007943469785575,0.5716349530699038,0.012225006961849,0.4983891575621712,0.0193042053787667,0.5338812862939035,0.0498724070230681,0.4484396273985332,0.081592990401837,0.3714953064918518,0.37309008836746216,0.25541457533836365,2.9202060531574396,high,0.8001830626052738,0.3687707185745239,0.37688755989074707,0.254341721534729,2.917784814705571,high,0.6288503986259187,0.36200258135795593,0.3825427293777466,0.2554546296596527,2.9184989606993175,high,0.7685721026723908,0.3579063415527344,0.3844943940639496,0.2575991749763489,2.9214971587730636,high,0.5949121561259036,0.3560914695262909,0.3872012794017792,0.256707102060318,2.918647213908148,high,0.5813718376935425
Masks prevent the spread of COVID-19,44,0.5531464700081437,0.0049261083743842,0.4225749983705864,0.0056650246305418,0.3246586014160927,0.006970011234984,0.4290901104200874,0.0233659586665365,0.3568979515190832,0.0373044201932514,0.32860690355300903,0.40821751952171326,0.2631755471229553,2.9079453118500234,high,0.21471046597337667,0.3318607211112976,0.40774768590927124,0.26039156317710876,2.905342587294013,high,0.3529614696587326,0.3567907214164734,0.38477271795272827,0.2584365904331207,2.922787369825749,high,0.297126193851656,0.35156893730163574,0.3887317180633545,0.2596992552280426,2.922636913768601,high,0.6091675842243024,0.3446103632450104,0.39477935433387756,0.26061010360717773,2.919497930083997,high,0.6836190422544138
warmer weather slow coronavirus,2,0.4852285551163225,0.0046296296296296,0.5633902216718125,0.0115030374289633,0.5715382851708093,0.025044529524377,0.6190485836259201,0.0672493462413596,0.5547919715013803,0.113961924131482,0.3465734124183655,0.3933842182159424,0.2600424289703369,2.919824635261567,high,0.46794380041714556,0.35139331221580505,0.38690274953842163,0.2617039978504181,2.9268864388090687,high,0.5521108204444167,0.3505000174045563,0.38794219493865967,0.26155781745910645,2.9260138061705185,high,0.5657814714608155,0.3482840359210968,0.3896960914134979,0.26201993227005005,2.9255227166259603,high,0.550834315368264,0.3552211821079254,0.3848264217376709,0.2599525451660156,2.925269965447143,high,0.5114202415615863
"The use of ACE inhibitors was associated with an almost 40% lower risk of COVID-19 hospitalization for the older, Medicare Advantage patients - but there was no significant difference in risk for the younger, commercially insured patients.",20,0.4852285551163225,0.0025337837837837,0.4666423217456663,0.0043436293436293,0.301155717864192,0.0043436293436293,0.2529885263010565,0.0063178130931899,0.2245349670795815,0.009274599250647,0.36620786786079407,0.35991597175598145,0.2738761901855469,2.9528498761726896,high,0.49047329756968666,0.36815890669822693,0.3646275997161865,0.26721352338790894,2.9420651060086396,high,0.5818248856628196,0.3718382716178894,0.3666630685329437,0.26149865984916687,2.931802950847804,high,0.4509313376225222,0.37213149666786194,0.3687015473842621,0.25916701555252075,2.9274839779592625,high,0.46445685621324384,0.3698737323284149,0.3697693943977356,0.26035699248313904,2.9297870391641143,high,0.48213966038660716
no clinical evidence on vitamin D in COVID-19,42,0.7227265726449519,0.0162162162162162,0.6683063269107928,0.0251651651651651,0.6758954063971425,0.0484971003392056,0.5928123200229111,0.1001760237489987,0.532242507046885,0.1696569509481318,0.35779717564582825,0.37763792276382446,0.2645649015903473,2.935790193708562,high,0.2893596775010824,0.35581591725349426,0.3755030632019043,0.2686809301376343,2.942933918415983,high,0.42985814806649064,0.36207035183906555,0.37365368008613586,0.2642759084701538,2.936393943933923,high,0.3818430916428812,0.3595397174358368,0.37637564539909363,0.26408448815345764,2.935408802946184,high,0.4218227254071942,0.35834378004074097,0.3780931234359741,0.2635631561279297,2.9340119872004786,high,0.501357336214945
"only 6% of deaths have COVID-19 as the only cause mentioned, revealing that 94% of patients who died from coronavirus also had other health conditions and contributing causes.",4,0.4299813935652734,0.0035546613011401,0.3157104641393756,0.0047044169780588,0.2603912778280861,0.0075536803907025,0.1926285299757519,0.0099160027827204,0.1523783344058193,0.01266154265444,0.35577136278152466,0.3912186622619629,0.25301000475883484,2.910027419157888,high,0.6297823762331056,0.35963210463523865,0.3876476585865021,0.25272029638290405,2.911432810142908,high,0.854676562009419,0.3592149317264557,0.3853633999824524,0.2554216980934143,2.917318296159899,high,0.8365709522082525,0.3636101484298706,0.3821936547756195,0.25419631600379944,2.9163015542486033,high,0.7487545308940451,0.36205974221229553,0.38354700803756714,0.2543932795524597,2.9162042276160483,high,0.6578656163881841
"COVID-19 disease, caused by infection with SARS-CoV-2, is related to a series of physiopathological mechanisms that mobilize a wide variety of biomolecules, mainly immunological in nature. ",39,0.1460683498427064,0.0003097893432465,0.0947883643695507,0.0003097893432465,0.0611733153780318,0.0003097893432465,0.0571361327054534,0.000491891600668,0.0787870936782942,0.0012065798648008,0.3405776917934418,0.3878247141838074,0.27159756422042847,2.939737557725797,high,0.9554077747652571,0.3452986478805542,0.3908764719963074,0.26382485032081604,2.927236505869926,high,0.4956796232691796,0.3524060547351837,0.3890731632709503,0.25852078199386597,2.9205527445261232,high,0.45173848836423997,0.3537134826183319,0.39057663083076477,0.2557099759578705,2.9150188343549757,high,0.47432473891856247,0.3541577458381653,0.38971972465515137,0.25612255930900574,2.9162346414908775,high,0.5045943405690385
wearing a face mask do not stopped person-to-person spread of the virus.,44,0.4882441236029491,0.0066912972085385,0.5309207426460202,0.0125068418171866,0.4841325630157727,0.0202067359588444,0.5730106163403933,0.0604665629929531,0.552728820118901,0.1116661025393108,0.34306222200393677,0.4046626687049866,0.25227513909339905,2.8978257950156205,high,0.8316345683823124,0.3390274941921234,0.4064212739467621,0.2545512318611145,2.8992715278767234,high,0.6702784310578799,0.3414096236228943,0.4027935862541199,0.2557968199253082,2.9049904433676574,high,0.6815770601899515,0.3441743850708008,0.4001365303993225,0.2556890547275543,2.9074660625250526,high,0.6613670591258245,0.3448582887649536,0.39899978041648865,0.2561417520046234,2.9092039041821804,high,0.6058010803629805
coronavirus may originated in a lab,1,0.0,0.0,0.03668196104968,0.0002300437083045,0.0806694933441927,0.0008247589769328,0.0738755547049331,0.0012273354664659,0.0967745492463433,0.0030084979099451,0.3468396067619324,0.38724300265312195,0.26591745018959045,2.932835659130464,high,0.6299356693135812,0.3418658375740051,0.39482754468917847,0.2633066177368164,2.923195282943174,high,0.4141814217461659,0.34768229722976685,0.39290276169776917,0.2594149708747864,2.919267552898972,high,0.518932421439412,0.347398579120636,0.39389994740486145,0.258701354265213,2.9174139215732304,high,0.3970121641924315,0.34356415271759033,0.39677146077156067,0.2596641778945923,2.916392043429815,high,0.4370016360109651
Children are not COVID-19 super spreaders,47,0.0,0.0,0.0,0.0,0.0699038296304347,0.000940307598599,0.0544631878809182,0.0013268557238406,0.1063030565238672,0.0048458629730639,0.3317725956439972,0.402810662984848,0.2654167413711548,2.9173611619492807,high,0.6108344194324333,0.3368051052093506,0.4013703763484955,0.26182451844215393,2.9147045970069287,high,0.31317978013212655,0.34279289841651917,0.39675986766815186,0.2604472041130066,2.9175095532556887,high,0.1940856987717352,0.34739333391189575,0.3927188217639923,0.25988781452178955,2.920118376666924,high,0.3138450558197097,0.3486146628856659,0.3913324773311615,0.26005274057388306,2.921407878627574,high,0.4957770780960955
We know that COVID-19 is a coronavirus and there are other types of human coronaviruses that circulate. ,2,0.0,0.0,0.0,0.0,0.0,0.0,0.0161279972600448,0.0001143118427069,0.0173470017570605,0.000186089046267,0.3573587238788605,0.37955528497695923,0.2630859911441803,2.932708517313543,high,0.35489310813428226,0.3517480492591858,0.3849220871925354,0.2633298337459564,2.9305375302054406,high,0.5046801055449492,0.35222628712654114,0.38398605585098267,0.2637876868247986,2.931755304946157,high,0.5054008240238932,0.3535454571247101,0.38748782873153687,0.25896671414375305,2.922225339044404,high,0.5049509053708052,0.3557201623916626,0.38560783863067627,0.2586720287799835,2.9227677663822798,high,0.48752524242367273
Can Vitamin C Protect You from COVID-19?,42,0.5531464700081437,0.0108108108108108,0.3589542101716347,0.0108108108108108,0.3019175094442837,0.0132432432432432,0.3288522539657971,0.0287230697345883,0.2791465488857012,0.0433870845497649,0.3384367823600769,0.3941200375556946,0.2674432098865509,2.9291504595321696,high,0.3613830444773275,0.3463996946811676,0.38903170824050903,0.26456862688064575,2.929673462698658,high,0.35612015194555513,0.3448446989059448,0.3888532817363739,0.2663019299507141,2.9321949355841226,high,0.4146063768505452,0.34225550293922424,0.39296668767929077,0.2647777199745178,2.926810104159743,high,0.5777765511046212,0.34747791290283203,0.38963642716407776,0.26288580894470215,2.9268315489433308,high,0.47043124524619795
Vitamin Deficiency May Raise Risk of Serious COVID-19,42,0.169580102636808,0.0018018018018018,0.3312392961638527,0.0086229086229086,0.3911405303252587,0.0208390036176413,0.4040343425293325,0.0521162503007374,0.3898808122248091,0.0956932269590417,0.3490578532218933,0.387603759765625,0.2633383870124817,2.9288993820707647,high,0.25347311066277944,0.3626275658607483,0.3793146014213562,0.2580578327178955,2.924214544681935,high,0.2455216228696513,0.3547685146331787,0.38562673330307007,0.2596047520637512,2.9242904891452124,high,0.4531005157182199,0.3522605001926422,0.3851584196090698,0.26258108019828796,2.929258881029482,high,0.4593703896895075,0.35064372420310974,0.38549309968948364,0.26386314630508423,2.931006494357313,high,0.5799463871293336
"do surgical masks actually prevent the spread of COVID-19? No, absolutely not.",44,0.6608397947263839,0.0066912972085385,0.6053026955663067,0.0121100164203612,0.6586789022877905,0.0269433181197887,0.5852834592695081,0.0549306839589946,0.5760791755333986,0.1084900626389948,0.3449759781360626,0.4004599153995514,0.254564106464386,2.9054610777654992,high,0.011897825196526159,0.34209245443344116,0.403766930103302,0.25414061546325684,2.901557995693809,high,0.060475618469330396,0.3520202934741974,0.3967256546020508,0.25125402212142944,2.903278982707741,high,0.08735984707703649,0.35296469926834106,0.39556583762168884,0.2514694333076477,2.9045003508311487,high,0.44616250756112436,0.35464322566986084,0.39438849687576294,0.2509680688381195,2.90445157693919,high,0.5454032271673835
not all masks confer equal levels of protection,18,0.2426142775581612,0.0029702970297029,0.3786334783486281,0.0063295615275813,0.4078288061593236,0.0131607061805081,0.4027970007993229,0.0300118733238685,0.3812838517026194,0.0521371798526252,0.34991219639778137,0.39484885334968567,0.25523900985717773,2.9112835207804784,high,0.013461587493114336,0.34914907813072205,0.39377766847610474,0.25707322359085083,2.9150049062044046,high,0.3136417758735507,0.34848934412002563,0.39473655819892883,0.25677406787872314,2.913797714842271,high,0.3749270728986074,0.34761443734169006,0.3962203562259674,0.25616511702537537,2.911657909851532,high,0.44675856343142695,0.34812065958976746,0.3951343297958374,0.2567450702190399,2.9134374472524747,high,0.48527342075579616
Several recent studies have looked at the impact of vitamin D on COVID-19.,42,0.8539316501572937,0.0205405405405405,0.8389574121760602,0.0387323037323037,0.6958361981823065,0.0563954932375984,0.5618416442046139,0.0965495445008304,0.568013859235915,0.1801456990284221,0.3688001036643982,0.3674260973930359,0.2637738585472107,2.936063263587343,high,0.4597423337709491,0.3635387122631073,0.3723820149898529,0.26407933235168457,2.9362829380302986,high,0.32380689987158584,0.35688745975494385,0.37945494055747986,0.26365771889686584,2.9336690184794114,high,0.3722678513377373,0.35586026310920715,0.38037291169166565,0.2637667953968048,2.9334717900670464,high,0.5495283285758898,0.35825443267822266,0.3793398141860962,0.26240575313568115,2.9316769231226245,high,0.5132566743600266
One reason Covid-19 has spread so rapidly is that people infected with the SARS-CoV-2 coronavirus can show no symptoms of disease and yet are still contagious - they don't look or feel sick but still transmit the virus without realizing.,27,0.0,0.0,0.0783982689786753,0.00021815008726,0.1937875351471406,0.0014099142140411,0.1210941402336412,0.0019315061520011,0.0899207889384798,0.0025953706288564,0.37450939416885376,0.37692272663116455,0.24856790900230408,2.906013657759244,high,0.6334721659021992,0.3763335347175598,0.37992212176322937,0.2437443733215332,2.895369556539746,high,0.517406881397293,0.3674994111061096,0.38510018587112427,0.2474004477262497,2.902210249339153,high,0.5866978581676783,0.3656349182128906,0.3845427334308624,0.24982240796089172,2.9072025679121194,high,0.5584954019377296,0.3634083569049835,0.38538724184036255,0.25120437145233154,2.90957649705686,high,0.5804137845106309
Low Vitamin D Levels Tied to Odds for Severe COVID,42,0.6608397947263839,0.0146846846846846,0.681843616148055,0.0328764478764478,0.6500333683329115,0.0561740717236073,0.659472345620107,0.1383841021239856,0.6191181143198625,0.2338594228455406,0.3493155837059021,0.3818123936653137,0.2688719630241394,2.9403617420345562,high,0.04472542451300024,0.3439861536026001,0.38731056451797485,0.26870328187942505,2.936535026047695,high,0.36595134098492,0.35191333293914795,0.38257673382759094,0.2655099034309387,2.9351037616762117,high,0.5613134681626257,0.3503001928329468,0.3851107656955719,0.26458901166915894,2.9323115264296584,high,0.5265169167957358,0.3494555950164795,0.3864893317222595,0.26405495405197144,2.9306757463982342,high,0.5434043777396869
studies have shown that a deficiency of the nutrient (vitamin D) is linked to higher risk of severe COVID-19.,42,0.169580102636808,0.0018018018018018,0.1763001066034291,0.003003003003003,0.14611662348018,0.0038138138138138,0.1104051206111698,0.0053067353067353,0.12817961974451,0.0102509276908861,0.37155765295028687,0.3723122179508209,0.2561301589012146,2.9216347778901772,high,0.36166315480039046,0.36853694915771484,0.37880390882492065,0.2526591420173645,2.9141899613293343,high,0.48390397786455397,0.36626678705215454,0.38154688477516174,0.2521863579750061,2.9126721743476693,high,0.574319946661446,0.3609677255153656,0.3816143274307251,0.2574179172515869,2.9223431745083404,high,0.6637208895433161,0.36023008823394775,0.3829120993614197,0.256857693195343,2.9208740921350946,high,0.553688423680809
"If you do get COVID-19, the infection could put you at greater risk for diabetes complications like diabetic ketoacidosis (DKA). DKA happens when high levels of acids called ketones build up in your blood. It can be very serious.",24,0.5531464700081437,0.0056022408963585,0.4283854321084119,0.0066526610644257,0.3467261530459554,0.0082749766573295,0.3058479866412057,0.0135595153848398,0.2272191568797289,0.0174089789027832,0.34526100754737854,0.3920687437057495,0.26267027854919434,2.924671545240262,high,0.5945962587114951,0.3467070162296295,0.3946414589881897,0.2586515545845032,2.916742393436484,high,0.47706725769846914,0.35695040225982666,0.38555270433425903,0.25749683380126953,2.920824512534819,high,0.527030525311645,0.3475341796875,0.3932109475135803,0.2592548429965973,2.918788373083053,high,0.6093982526436451,0.34804290533065796,0.392314612865448,0.25964242219924927,2.920059166247426,high,0.5989312265394581
"COVID-19 Primary, Not Only, Cause of 94% of Deaths",4,0.0,0.0,0.0,0.0,0.0,0.0,0.0228222529687583,0.0001832859505209,0.0288082718696533,0.0003430979803909,0.34080207347869873,0.39624056220054626,0.2629573941230774,2.9214205962637223,high,0.3426917374482272,0.33153241872787476,0.40608444809913635,0.2623831033706665,2.909825534123106,high,0.7630367646348098,0.337412565946579,0.4010256230831146,0.261561781167984,2.9147433349363028,high,0.6095309979443276,0.34243401885032654,0.39408987760543823,0.26347607374191284,2.92408305285887,high,0.6286348693984732,0.34854018688201904,0.38768091797828674,0.2637789845466614,2.929491860973418,high,0.6811383560132352
wet weather can kill the new coronavirus,2,0.4703652827859579,0.0043209876543209,0.4409203293308675,0.0068501371742112,0.5352168041074199,0.0181504694168092,0.5261927846032398,0.0475143336137805,0.4697906131447113,0.0770926937423442,0.3520905375480652,0.3900148868560791,0.2578945755958557,2.918949859674036,high,0.7543147261085676,0.3515315055847168,0.38891080021858215,0.2595577538013458,2.9222996531762506,high,0.4856440729606344,0.3523556590080261,0.38794514536857605,0.25969913601875305,2.923125506960258,high,0.5295760525536043,0.35288289189338684,0.38666480779647827,0.2604523301124573,2.925076414610688,high,0.4643014885793227,0.35217392444610596,0.38725292682647705,0.260573148727417,2.9249203685557936,high,0.46200709325257655
"Coronavirus deaths in people with diabetes Data from NHS England in May showed us that, for those who become so unwell with coronavirus that they need to go to hospital, the risk of dying is higher for people living with diabetes than people without the condition.",24,0.0,0.0,0.1150802300283553,0.001267173536081,0.1746344571218329,0.0031210970800428,0.2114190818197997,0.0097446633340217,0.2154739730511437,0.0178511233869404,0.3632030189037323,0.3759791851043701,0.2608177661895752,2.929950512643053,high,0.8202170054174919,0.3622848391532898,0.3783738613128662,0.259341299533844,2.9267577699952487,high,0.6251234748485676,0.3548864722251892,0.3863745331764221,0.25873899459838867,2.9224765461952464,high,0.6658127829108428,0.3577188551425934,0.3864026963710785,0.2558784782886505,2.9176325899729476,high,0.5321689215042772,0.35669395327568054,0.3883119523525238,0.25499412417411804,2.9151226665809475,high,0.5979606726678653
Duo of antiviral drugs strongly inhibits SARS-CoV-2 in the lab,5,0.3391602052736161,0.0016155088852988,0.2934556883974402,0.0020770828525271,0.2589594129677938,0.0032576470379378,0.3334682828289952,0.0128089293598221,0.3055752066820188,0.0226646294451329,0.3626091480255127,0.3693632483482361,0.26802757382392883,2.943311329102776,high,0.056990564730683986,0.35894495248794556,0.3770071268081665,0.26404789090156555,2.9351584487545286,high,0.40333401344027003,0.3582591712474823,0.37818703055381775,0.26355376839637756,2.9339655521868226,high,0.5405726951971241,0.3522447347640991,0.3821214735507965,0.26563379168510437,2.9355256495184623,high,0.557590860821883,0.3508245348930359,0.383514940738678,0.26566052436828613,2.9348141852015863,high,0.49122179815055556
individuals with hypertension get more serious cases of COVID-19,23,0.169580102636808,0.0031055900621118,0.1794771050858173,0.0038819875776397,0.2796943171490564,0.0092440989773835,0.2568077217643343,0.0169135377206228,0.2593452530157666,0.0307695583268867,0.35661524534225464,0.38856133818626404,0.25482338666915894,2.914692950510534,high,0.636302756067906,0.3552963435649872,0.38717561960220337,0.25752806663513184,2.920039091156714,high,0.7074996907086855,0.35657477378845215,0.3840182423591614,0.25940701365470886,2.9247668885157263,high,0.7520481451414525,0.3571920394897461,0.3827165365219116,0.2600913941860199,2.9264956167671023,high,0.7255930328153153,0.3573797643184662,0.38308480381965637,0.25953543186187744,2.9254058998558765,high,0.7686824651056405
"Our study shows that camostat mesylate blocks infection of cells with SARS-CoV-2-like particles and with authentic, patient-derived SARS-CoV-2. ",5,0.0,0.0,0.1446524924330643,0.000628253455394,0.1274169677456311,0.000913343258682,0.0764554103353656,0.0010479689991236,0.1132997885850031,0.0028783477522559,0.36834293603897095,0.3711608052253723,0.2604962885379791,2.9300152419257306,high,0.62648048475538,0.3605683445930481,0.3778853118419647,0.2615463435649872,2.9307179817243427,high,0.5400252373038457,0.36016735434532166,0.37701505422592163,0.2628176212310791,2.933119204576705,high,0.6798782776185491,0.3568839728832245,0.37955909967422485,0.26355695724487305,2.9334671738548685,high,0.42618499152731437,0.3563936948776245,0.38138675689697266,0.2622196078300476,2.930562356968363,high,0.470358411996422
Mask wearing and social distancing for COVID-19 may be slowing influenza spread,10,0.2381982098796055,0.0018595041322314,0.1877014513055928,0.0025482093663911,0.1717121059827588,0.0042922540917193,0.2655473338289629,0.0158212116302626,0.268025551061241,0.0290884484904013,0.3442917764186859,0.39564940333366394,0.26005882024765015,2.9179540565117827,high,0.41376486551309405,0.33861806988716125,0.39099428057670593,0.2703876793384552,2.9355795818432093,high,0.5563561621277642,0.34350353479385376,0.3893604576587677,0.2671360373497009,2.9329133338502036,high,0.3979806801696384,0.34554731845855713,0.39307889342308044,0.26137369871139526,2.9220097985429327,high,0.42292062045976864,0.3444884419441223,0.395758718252182,0.2597525417804718,2.9174197556872823,high,0.5095747510722389
"The pandemic coronavirus will wane with warmer weather, like some other respiratory",2,0.0,0.0,0.1298750116533407,0.0009602194787379,0.1193271018103349,0.0015775034293552,0.0976450236426117,0.0026209237436089,0.1251569364089984,0.0062124110558971,0.3521553575992584,0.39100539684295654,0.25683918595314026,2.9165999109924345,high,0.835186800634571,0.34949249029159546,0.39084091782569885,0.2596665918827057,2.921171859397627,high,0.584011487178553,0.34522178769111633,0.39179596304893494,0.26298224925994873,2.9253296424123922,high,0.568152150076276,0.34527409076690674,0.39097487926483154,0.26375100016593933,2.927056482809282,high,0.5658134282704748,0.34503600001335144,0.3924885094165802,0.26247546076774597,2.924058335755203,high,0.6661494669206287
"Some people with diabetes, a disease that affects the body's ability to produce or use the hormone insulin to reduce glucose (sugar) in the blood, may be concerned about being at higher risk of getting COVID-19. However, this is a misconception.",24,0.1069931323672637,0.0014005602240896,0.0694312219367772,0.0014005602240896,0.2605749950708491,0.0063104059211325,0.2604424936306889,0.0153267457145716,0.2621730301070528,0.0282395194993583,0.35559821128845215,0.38347476720809937,0.2609270215034485,2.927521012985658,high,0.7402134631847657,0.3559104800224304,0.38583487272262573,0.25825461745262146,2.9219578903516195,high,0.8511992808654782,0.3608993887901306,0.38093847036361694,0.25816214084625244,2.923889404265857,high,0.6966151528094877,0.3622862696647644,0.3827360272407532,0.2549777328968048,2.9175625719295035,high,0.7028690378851279,0.3615155518054962,0.3835371434688568,0.25494760274887085,2.917216590066881,high,0.722266073503614
Vitamin D appears increase COVID-19 mortality rates ,42,0.5878056198050307,0.0146846846846846,0.6541157825384691,0.0311282711282711,0.6871379754961561,0.0707747299465565,0.6664696291612047,0.1535139455365878,0.6084792425736755,0.2467773343033769,0.3566943109035492,0.3852768540382385,0.2580288052558899,2.921858150376317,high,0.7215366036733972,0.351461797952652,0.38728171586990356,0.26125651597976685,2.925965582807187,high,0.675622702474217,0.3511267602443695,0.3853300213813782,0.2635432481765747,2.9306240417775804,high,0.6088656192352274,0.35064616799354553,0.38621407747268677,0.2631396949291229,2.9294882803206734,high,0.5823563329469608,0.3530770242214203,0.3822377026081085,0.2646852433681488,2.934036872867967,high,0.5427763454257015
Dexamethasone cures covid-19,46,0.3007851801491498,0.0046413502109704,0.2299046117590497,0.0070147679324894,0.1483729296896504,0.0070147679324894,0.0959867658805974,0.0077380952380952,0.075175745649402,0.0080977039837799,0.3696262836456299,0.3720215857028961,0.2583521008491516,2.9259489984199347,high,0.8101616969611515,0.36993566155433655,0.37081143260002136,0.2592528760433197,2.927695728781285,high,0.5174333277073128,0.363939106464386,0.37447890639305115,0.2615818381309509,2.9315954719428765,high,0.674744391817758,0.35332629084587097,0.3854454755783081,0.26122817397117615,2.9269903522392227,high,0.6261536158195681,0.37985748052597046,0.36622732877731323,0.25391507148742676,2.916412575370181,high,0.6075044826164664
SARS-CoV-2 is more stable on plastic and stainless steel than on copper and cardboard,16,0.2772734273550482,0.0019402985074626,0.2532954041105318,0.0032196162046908,0.2385996602921334,0.0053001227628093,0.1951464120353452,0.0090522025693329,0.1847343360632582,0.0153846818359478,0.3537449240684509,0.3866516649723053,0.25960344076156616,2.9237294087283447,high,0.5428441413141323,0.35550570487976074,0.3822527229785919,0.26224154233932495,2.9302132852381906,high,0.6319161226461275,0.3549584448337555,0.3849124312400818,0.2601291537284851,2.9255140443180814,high,0.39419619675927614,0.35679376125335693,0.3839866518974304,0.25921958684921265,2.9244696623516027,high,0.4213866833597989,0.35374918580055237,0.3860847055912018,0.26016613841056824,2.924948924759068,high,0.4869911399378307
"people who died of COVID-19, acute respiratory failure was the leading cause of death",4,0.3451913422468693,0.0018108651911468,0.3365686181038732,0.0039666570853693,0.3196483493724975,0.0060887809534488,0.2994819661397342,0.0116153220429266,0.289557168324685,0.0227512184966465,0.35644200444221497,0.37880557775497437,0.26475244760513306,2.935663822963045,high,0.4628464234868362,0.35697561502456665,0.37912386655807495,0.2639005780220032,2.934186195738498,high,0.7166575150133777,0.35785219073295593,0.3792940080165863,0.26285386085510254,2.932428382821613,high,0.6049948210127055,0.35548099875450134,0.3836539089679718,0.2608650326728821,2.9273350810690557,high,0.5690059344262162,0.3553679585456848,0.38455474376678467,0.2600772976875305,2.925611228120103,high,0.5921367221177192
social distancing can not help you to avoid catching a virus,10,0.4239502565920201,0.0034435261707988,0.3882285878196642,0.0055096418732782,0.3379212618714179,0.008950201981619,0.375446942526412,0.025017284083508,0.3262602163372188,0.0395654609995034,0.335788756608963,0.40080004930496216,0.2634112238883972,2.9173210862025374,high,0.014706285575947517,0.3461267352104187,0.39708566665649414,0.25678759813308716,2.9118810228056518,high,0.07052224537857857,0.34695735573768616,0.39117637276649475,0.2618662714958191,2.924213525319996,high,0.28114202406678335,0.3477552533149719,0.39473846554756165,0.2575063109397888,2.9149276706940346,high,0.41603823076824414,0.3467826545238495,0.39554882049560547,0.2576685845851898,2.9145157327015068,high,0.4825250365139793
Coronavirus does not cause heart Damage,22,0.2139862647345275,0.0010330578512396,0.1388624438735545,0.0010330578512396,0.1069923735527777,0.0012913223140495,0.1329646621359045,0.0026765389623657,0.1350731838875098,0.0055471646363625,0.3539671301841736,0.38776564598083496,0.25826722383499146,2.920928758773598,high,0.003432624715214185,0.3466361463069916,0.3917902112007141,0.2615736126899719,2.9233187996931225,high,0.43973554171474044,0.35883402824401855,0.38318538665771484,0.25798046588897705,2.9227219411766447,high,0.47781217150175037,0.3520830571651459,0.38758963346481323,0.26032719016075134,2.9243317760454697,high,0.552599119642852,0.3476211428642273,0.39159104228019714,0.26078781485557556,2.922316705239636,high,0.5049626513007448
ACE inhibitors and angiotensin receptor blockers may increase the risk of severe COVID-19,20,0.8539316501572937,0.0064189189189189,0.8415908474314976,0.012253995066495,0.6893727913466587,0.0173482532857532,0.7214155063300733,0.0446647713962178,0.7570170770393168,0.0977693200850541,0.35677778720855713,0.3856024742126465,0.2576197385787964,2.9210080926047057,high,0.8075064527966992,0.36115822196006775,0.381824254989624,0.25701749324798584,2.9215589713012813,high,0.6945786518471844,0.362995445728302,0.3811752498149872,0.255829393863678,2.9196318043125316,high,0.7497261358348851,0.357355535030365,0.3856719732284546,0.25697246193885803,2.9198724023312037,high,0.7232069708706061,0.36006832122802734,0.3826069235801697,0.2573246657848358,2.9218131169555717,high,0.7367996697967357
even wearing non-medical grade masks or face coverings would have a profound effect in limiting coronavirus transmission,44,0.2308584011611105,0.0020525451559934,0.3259951507317202,0.0059230588787239,0.3861270842253307,0.013582293171352,0.5575481478678074,0.0590182895636762,0.6010963899471466,0.1298462633179908,0.34814220666885376,0.39830827713012695,0.2535495162010193,2.905795469237839,high,0.046106364037065854,0.3513929843902588,0.3981901705265045,0.2504168450832367,2.9007282329965216,high,0.2855706328758363,0.3538092076778412,0.3978550434112549,0.24833576381206512,2.89737264167317,high,0.31621955779442673,0.34958603978157043,0.3981872797012329,0.25222671031951904,2.903753837121878,high,0.4425318536028719,0.3477703332901001,0.39925140142440796,0.25297829508781433,2.904073509139137,high,0.558420367462643
The science is clear: Face masks can prevent coronavirus transmission and save lives.,18,0.0730341749213532,0.0004950495049504,0.2903830737851801,0.0037678767876787,0.2732798901640254,0.0073882171498883,0.3014364288579349,0.0194093085420316,0.2960574718418816,0.0336729124650558,0.3216503858566284,0.4136199951171875,0.2647295594215393,2.901728120552046,high,0.34326427060569636,0.33232179284095764,0.409909188747406,0.25776901841163635,2.899322382629244,high,0.6674869543837769,0.33684241771698,0.4054611623287201,0.25769639015197754,2.9047055208085357,high,0.6595323958469129,0.3444313406944275,0.3989022970199585,0.25666624307632446,2.9100766328815695,high,0.6002501302473173,0.34155821800231934,0.40068596601486206,0.2577558159828186,2.90994312874958,high,0.6387879611136441
"We know that patients with cardiovascular diseases are at particular risk of severe COVID-19 infection,",20,0.0,0.0,0.0,0.0,0.0,0.0,0.0290088729524549,0.0002278147131088,0.0435312290459368,0.0006326216150226,0.354315847158432,0.3875156342983246,0.25816845893859863,2.9209101973134137,high,0.7901544757622012,0.3564114570617676,0.386037141084671,0.2575514018535614,2.9206757838323867,high,0.7092382249320016,0.3525932729244232,0.38733774423599243,0.26006901264190674,2.924075408349185,high,0.8196963180716702,0.35178142786026,0.3885502219200134,0.2596682906150818,2.922702593187928,high,0.7949036947409902,0.35213661193847656,0.3876621723175049,0.2602010667324066,2.9240899329517616,high,0.8346797422410654
